{
    "_ColorR": 1.0,
    "_ColorG": 1.0,
    "_ColorB": 1.0,
    "_RampLevels": 5.0,
    "_LightScalar": 2.0,
    "_HighColorR": 1.0,
    "_HighColorG": 0.9151125550270081,
    "_HighColorB": 0.6462264060974121,
    "_HighIntensity": 1.5,
    "_LowColorR": 0.9372549653053284,
    "_LowColorG": 0.7176470756530762,
    "_LowColorB": 0.12941163778305055,
    "_LowIntensity": 1.6299999952316285,
    "_OutlineColorR": 0.2901960015296936,
    "_OutlineColorG": 0.7529412508010864,
    "_OutlineColorB": 0.7411764860153198,
    "_OutlineSize": 20.0,
    "_RimColorR": 1.0,
    "_RimColorG": 1.0,
    "_RimColorB": 1.0,
    "_RimAlpha": 0.0,
    "_RimPower": 0.0,
    "_RimDropOff": 0.0,
    "_FresnelColorR": 0.9254902601242065,
    "_FresnelColorG": 0.7098039388656616,
    "_FresnelColorB": 0.1294116973876953,
    "_FresnelBrightness": 0.0,
    "_FresnelPower": 0.0,
    "_FresnelShadowDropoff": 0.0,
    "_GradYCap": 0.0,
    "_GradIntensity": 0.0
}